{
  "mean": [
    0.15755194425582886,
    0.05275946855545044,
    -0.03218379244208336,
    -0.4392225444316864,
    0.4891971945762634,
    -0.20430974662303925
  ],
  "std": [
    0.6802290081977844,
    0.5235702991485596,
    0.49524882435798645,
    23.151472091674805,
    43.19260787963867,
    34.45051193237305
  ],
  "axes": [
    "ax",
    "ay",
    "az",
    "gx",
    "gy",
    "gz"
  ]
}