{
  "mean": [
    0.20692604780197144,
    0.035079605877399445,
    -0.06117149442434311,
    -0.37449342012405396,
    0.4359617233276367,
    -0.2339550107717514
  ],
  "std": [
    0.6760919690132141,
    0.5242290496826172,
    0.48077937960624695,
    22.445255279541016,
    41.14242172241211,
    34.11497116088867
  ],
  "axes": [
    "ax",
    "ay",
    "az",
    "gx",
    "gy",
    "gz"
  ]
}