{
  "mean": [
    0.2635451853275299,
    0.1864078789949417,
    -0.10246206074953079,
    -0.6312949657440186,
    0.4269312024116516,
    -0.41384992003440857
  ],
  "std": [
    0.6283906698226929,
    0.5378102660179138,
    0.46113121509552,
    24.1625919342041,
    40.26584243774414,
    34.467952728271484
  ],
  "axes": [
    "ax",
    "ay",
    "az",
    "gx",
    "gy",
    "gz"
  ]
}