{
  "mean": [
    0.1588382124900818,
    0.0143264289945364,
    -0.027810119092464447,
    -0.44101688265800476,
    0.4729444980621338,
    -0.2148960381746292
  ],
  "std": [
    0.672210693359375,
    0.5247277021408081,
    0.5077506899833679,
    24.90749740600586,
    40.3441047668457,
    33.60102844238281
  ],
  "axes": [
    "ax",
    "ay",
    "az",
    "gx",
    "gy",
    "gz"
  ]
}