{
  "mean": [
    0.1931983381509781,
    0.09219834208488464,
    -0.07000402361154556,
    -0.5326695442199707,
    0.5099610686302185,
    -0.24726499617099762
  ],
  "std": [
    0.6762879490852356,
    0.5258510708808899,
    0.475681871175766,
    22.212743759155273,
    43.54733657836914,
    35.014739990234375
  ],
  "axes": [
    "ax",
    "ay",
    "az",
    "gx",
    "gy",
    "gz"
  ]
}